before,customer_no
dairy,0.29397590361445786
drinks,0.15087014725568942
fruit,0.37349397590361444
spices,0.18165997322623828
